file,avg_latency,avg_gen_time,avg_overhead_time,correct
lm_llama-3-70b_llama-3-70b_u-spi_clause_240cpm_wait_1024q.json,2.638151186518371,7.802349972771481,0.003316441085189581,75.68359375
lm_llama-3-70b_llama-3-70b_u-pi_clause_240cpm_wait_1024q.json,3.169334861682728,8.17175258952193,0.003918140195310116,80.95703125
lm_llama-3-70b_llama-3-70b_ua-pil_clause_240cpm_wait_1024q.json,1.6228863990399987,6.643142485059798,0.0018352956976741552,79.1015625
lm_llama-3-70b_llama-3-70b_u-pli_clause_240cpm_wait_1024q.json,2.781615724787116,7.824406638974324,0.00027565122582018375,78.125
